-- MySQL Script generated by MySQL Workbench
-- Wed Apr  4 17:29:20 2018
-- Model: New Model    Version: 1.0
-- MySQL Workbench Forward Engineering

SET @OLD_UNIQUE_CHECKS=@@UNIQUE_CHECKS, UNIQUE_CHECKS=0;
SET @OLD_FOREIGN_KEY_CHECKS=@@FOREIGN_KEY_CHECKS, FOREIGN_KEY_CHECKS=0;
SET @OLD_SQL_MODE=@@SQL_MODE, SQL_MODE='TRADITIONAL,ALLOW_INVALID_DATES';

-- -----------------------------------------------------
-- Schema mydb
-- -----------------------------------------------------
-- -----------------------------------------------------
-- Schema d08
-- -----------------------------------------------------

-- -----------------------------------------------------
-- Schema d08
-- -----------------------------------------------------
CREATE SCHEMA IF NOT EXISTS `d08` DEFAULT CHARACTER SET latin1 ;
USE `d08` ;

-- -----------------------------------------------------
-- Table `d08`.`maps`
-- -----------------------------------------------------
CREATE TABLE IF NOT EXISTS `d08`.`maps` (
  `x` INT(10) UNSIGNED NOT NULL,
  `y` INT(10) UNSIGNED NOT NULL,
  `object` VARCHAR(20) NOT NULL,
  `object_id` INT(11) NULL DEFAULT NULL,
  PRIMARY KEY (`x`, `y`))
ENGINE = InnoDB
DEFAULT CHARACTER SET = latin1;


-- -----------------------------------------------------
-- Table `d08`.`peoples`
-- -----------------------------------------------------
CREATE TABLE IF NOT EXISTS `d08`.`peoples` (
  `id` INT(10) UNSIGNED NOT NULL AUTO_INCREMENT,
  PRIMARY KEY (`id`),
  UNIQUE INDEX `player_UNIQUE` (`id` ASC))
ENGINE = InnoDB
AUTO_INCREMENT = 3
DEFAULT CHARACTER SET = latin1;


-- -----------------------------------------------------
-- Table `d08`.`ships`
-- -----------------------------------------------------
CREATE TABLE IF NOT EXISTS `d08`.`ships` (
  `id` INT(10) UNSIGNED NOT NULL AUTO_INCREMENT,
  `name` VARCHAR(45) NOT NULL,
  `sizeX` INT(10) UNSIGNED NOT NULL,
  `sizeY` INT(11) NOT NULL,
  `sprit` VARCHAR(45) NULL DEFAULT NULL,
  `color` VARCHAR(45) NULL DEFAULT NULL,
  `life` INT(11) NOT NULL,
  `pp` INT(11) NOT NULL,
  `speed` INT(11) NOT NULL,
  `maneuverability` INT(11) NOT NULL,
  `shield` INT(11) NOT NULL,
  PRIMARY KEY (`id`),
  UNIQUE INDEX `id_UNIQUE` (`id` ASC),
  UNIQUE INDEX `name_UNIQUE` (`name` ASC))
ENGINE = InnoDB
AUTO_INCREMENT = 5
DEFAULT CHARACTER SET = latin1;


-- -----------------------------------------------------
-- Table `d08`.`peoples_has_ships`
-- -----------------------------------------------------
CREATE TABLE IF NOT EXISTS `d08`.`peoples_has_ships` (
  `id` INT(10) UNSIGNED NOT NULL AUTO_INCREMENT,
  `peoples_id` INT(10) UNSIGNED NOT NULL,
  `ships_id` INT(10) UNSIGNED NOT NULL,
  `x` INT(11) NOT NULL,
  `y` INT(11) NOT NULL,
  `current_pp` INT(11) NOT NULL,
  `current_life` INT(11) NOT NULL,
  `current_shield` INT(11) NOT NULL,
  `current_rotation` INT(11) NOT NULL,
  `active` TINYINT(1) NOT NULL DEFAULT '0',
  `current_active` TINYINT(1) NOT NULL DEFAULT '0',
  `firstturn` TINYINT(1) NOT NULL DEFAULT '0',
  `current_speed` INT(11) NULL DEFAULT NULL,
  `current_maneuverability` INT(11) NULL DEFAULT NULL,
  `step` INT NOT NULL DEFAULT 0,
  UNIQUE INDEX `id_UNIQUE` (`id` ASC),
  INDEX `fk_peoples_has_ships_ships1_idx` (`ships_id` ASC),
  INDEX `fk_peoples_has_ships_peoples_idx` (`peoples_id` ASC),
  PRIMARY KEY (`id`),
  CONSTRAINT `fk_peoples_has_ships_peoples`
    FOREIGN KEY (`peoples_id`)
    REFERENCES `d08`.`peoples` (`id`)
    ON DELETE NO ACTION
    ON UPDATE NO ACTION,
  CONSTRAINT `fk_peoples_has_ships_ships1`
    FOREIGN KEY (`ships_id`)
    REFERENCES `d08`.`ships` (`id`)
    ON DELETE NO ACTION
    ON UPDATE NO ACTION)
ENGINE = InnoDB
AUTO_INCREMENT = 9
DEFAULT CHARACTER SET = latin1;


-- -----------------------------------------------------
-- Table `d08`.`weapons`
-- -----------------------------------------------------
CREATE TABLE IF NOT EXISTS `d08`.`weapons` (
  `id` INT UNSIGNED NOT NULL AUTO_INCREMENT,
  `name` VARCHAR(45) NOT NULL,
  `charge` INT UNSIGNED NOT NULL DEFAULT 0,
  `scope_small` INT UNSIGNED NOT NULL,
  `scope_medium` INT UNSIGNED NOT NULL,
  `scope_big` INT UNSIGNED NOT NULL,
  `motionless` TINYINT(1) NOT NULL,
  `success_small` INT NOT NULL,
  `success_medium` INT NOT NULL,
  `success_big` INT NOT NULL,
  `width_small` DOUBLE NOT NULL,
  `width_medium` DOUBLE NOT NULL,
  `width_big` DOUBLE NOT NULL,
  PRIMARY KEY (`id`),
  UNIQUE INDEX `id_UNIQUE` (`id` ASC))
ENGINE = InnoDB;


-- -----------------------------------------------------
-- Table `d08`.`peoples_has_ships_has_weapons`
-- -----------------------------------------------------
CREATE TABLE IF NOT EXISTS `d08`.`peoples_has_ships_has_weapons` (
  `id` INT NOT NULL,
  `peoples_has_ships_id` INT(10) UNSIGNED NOT NULL,
  `weapons_id` INT UNSIGNED NOT NULL,
  `active` TINYINT(1) NOT NULL,
  `current_charge` INT NULL,
  PRIMARY KEY (`id`),
  INDEX `fk_peoples_has_ships_has_weapons_weapons1_idx` (`weapons_id` ASC),
  INDEX `fk_peoples_has_ships_has_weapons_peoples_has_ships1_idx` (`peoples_has_ships_id` ASC),
  CONSTRAINT `fk_peoples_has_ships_has_weapons_peoples_has_ships1`
    FOREIGN KEY (`peoples_has_ships_id`)
    REFERENCES `d08`.`peoples_has_ships` (`id`)
    ON DELETE NO ACTION
    ON UPDATE NO ACTION,
  CONSTRAINT `fk_peoples_has_ships_has_weapons_weapons1`
    FOREIGN KEY (`weapons_id`)
    REFERENCES `d08`.`weapons` (`id`)
    ON DELETE NO ACTION
    ON UPDATE NO ACTION)
ENGINE = InnoDB
DEFAULT CHARACTER SET = latin1;


SET SQL_MODE=@OLD_SQL_MODE;
SET FOREIGN_KEY_CHECKS=@OLD_FOREIGN_KEY_CHECKS;
SET UNIQUE_CHECKS=@OLD_UNIQUE_CHECKS;

-- -----------------------------------------------------
-- Data for table `d08`.`peoples`
-- -----------------------------------------------------
START TRANSACTION;
USE `d08`;
INSERT INTO `d08`.`peoples` (`id`) VALUES (1);
INSERT INTO `d08`.`peoples` (`id`) VALUES (2);

COMMIT;


-- -----------------------------------------------------
-- Data for table `d08`.`ships`
-- -----------------------------------------------------
START TRANSACTION;
USE `d08`;
INSERT INTO `d08`.`ships` (`id`, `name`, `sizeX`, `sizeY`, `sprit`, `color`, `life`, `pp`, `speed`, `maneuverability`, `shield`) VALUES (1, 'Scoot qui voit tout', 2, 1, NULL, '00ffff', 2, 3, 10, 1, 1);
INSERT INTO `d08`.`ships` (`id`, `name`, `sizeX`, `sizeY`, `sprit`, `color`, `life`, `pp`, `speed`, `maneuverability`, `shield`) VALUES (2, 'Chasseur lege', 3, 2, NULL, '00ff00', 3, 2, 7, 3, 3);
INSERT INTO `d08`.`ships` (`id`, `name`, `sizeX`, `sizeY`, `sprit`, `color`, `life`, `pp`, `speed`, `maneuverability`, `shield`) VALUES (3, 'Chasseur lourd', 4, 2, NULL, '0000ff', 5, 4, 5, 2, 4);
INSERT INTO `d08`.`ships` (`id`, `name`, `sizeX`, `sizeY`, `sprit`, `color`, `life`, `pp`, `speed`, `maneuverability`, `shield`) VALUES (4, 'Destroyer Imperial', 8, 3, NULL, 'ffff00', 10, 6, 3, 2, 13);
INSERT INTO `d08`.`ships` (`id`, `name`, `sizeX`, `sizeY`, `sprit`, `color`, `life`, `pp`, `speed`, `maneuverability`, `shield`) VALUES (5, 'Fregate Imperial', 8, 5, NULL, '555555', 5, 8, 4, 2, 9);
INSERT INTO `d08`.`ships` (`id`, `name`, `sizeX`, `sizeY`, `sprit`, `color`, `life`, `pp`, `speed`, `maneuverability`, `shield`) VALUES (6, 'Imperator', 10, 7, NULL, '888888', 8, 10, 2, 2, 18);
INSERT INTO `d08`.`ships` (`id`, `name`, `sizeX`, `sizeY`, `sprit`, `color`, `life`, `pp`, `speed`, `maneuverability`, `shield`) VALUES (7, 'The Terroriste', 1, 1, NULL, 'aa0000', 1, 0, 10, 1, 1);

COMMIT;


-- -----------------------------------------------------
-- Data for table `d08`.`peoples_has_ships`
-- -----------------------------------------------------
START TRANSACTION;
USE `d08`;
INSERT INTO `d08`.`peoples_has_ships` (`id`, `peoples_id`, `ships_id`, `x`, `y`, `current_pp`, `current_life`, `current_shield`, `current_rotation`, `active`, `current_active`, `firstturn`, `current_speed`, `current_maneuverability`, `step`) VALUES (1, 1, 1, 15, 47, 0, 2, 0, 90, 1, 0, 0, 0, 0, 0);
INSERT INTO `d08`.`peoples_has_ships` (`id`, `peoples_id`, `ships_id`, `x`, `y`, `current_pp`, `current_life`, `current_shield`, `current_rotation`, `active`, `current_active`, `firstturn`, `current_speed`, `current_maneuverability`, `step`) VALUES (2, 1, 1, 15, 53, 0, 2, 0, 90, 1, 0, 0, 0, 0, 0);
INSERT INTO `d08`.`peoples_has_ships` (`id`, `peoples_id`, `ships_id`, `x`, `y`, `current_pp`, `current_life`, `current_shield`, `current_rotation`, `active`, `current_active`, `firstturn`, `current_speed`, `current_maneuverability`, `step`) VALUES (3, 1, 2, 12, 44, 0, 3, 0, 90, 1, 0, 0, 0, 0, 0);
INSERT INTO `d08`.`peoples_has_ships` (`id`, `peoples_id`, `ships_id`, `x`, `y`, `current_pp`, `current_life`, `current_shield`, `current_rotation`, `active`, `current_active`, `firstturn`, `current_speed`, `current_maneuverability`, `step`) VALUES (4, 1, 2, 12, 56, 0, 3, 0, 90, 1, 0, 0, 0, 0, 0);
INSERT INTO `d08`.`peoples_has_ships` (`id`, `peoples_id`, `ships_id`, `x`, `y`, `current_pp`, `current_life`, `current_shield`, `current_rotation`, `active`, `current_active`, `firstturn`, `current_speed`, `current_maneuverability`, `step`) VALUES (5, 1, 3, 2, 20, 0, 5, 0, 90, 1, 0, 0, 0, 0, 0);
INSERT INTO `d08`.`peoples_has_ships` (`id`, `peoples_id`, `ships_id`, `x`, `y`, `current_pp`, `current_life`, `current_shield`, `current_rotation`, `active`, `current_active`, `firstturn`, `current_speed`, `current_maneuverability`, `step`) VALUES (6, 1, 4, 2, 40, 0, 10, 0, 90, 1, 0, 0, 0, 0, 0);
INSERT INTO `d08`.`peoples_has_ships` (`id`, `peoples_id`, `ships_id`, `x`, `y`, `current_pp`, `current_life`, `current_shield`, `current_rotation`, `active`, `current_active`, `firstturn`, `current_speed`, `current_maneuverability`, `step`) VALUES (7, 1, 5, 2, 60, 0, 5, 0, 90, 1, 0, 0, 0, 0, 0);
INSERT INTO `d08`.`peoples_has_ships` (`id`, `peoples_id`, `ships_id`, `x`, `y`, `current_pp`, `current_life`, `current_shield`, `current_rotation`, `active`, `current_active`, `firstturn`, `current_speed`, `current_maneuverability`, `step`) VALUES (8, 1, 6, 2, 80, 0, 8, 0, 90, 1, 0, 0, 0, 0, 0);
INSERT INTO `d08`.`peoples_has_ships` (`id`, `peoples_id`, `ships_id`, `x`, `y`, `current_pp`, `current_life`, `current_shield`, `current_rotation`, `active`, `current_active`, `firstturn`, `current_speed`, `current_maneuverability`, `step`) VALUES (9, 1, 7, 20, 50, 0, 1, 0, 90, 1, 0, 0, 0, 0, 0);
INSERT INTO `d08`.`peoples_has_ships` (`id`, `peoples_id`, `ships_id`, `x`, `y`, `current_pp`, `current_life`, `current_shield`, `current_rotation`, `active`, `current_active`, `firstturn`, `current_speed`, `current_maneuverability`, `step`) VALUES (10, 2, 1, 134, 47, 0, 2, 0, 270, 1, 0, 0, 0, 0, 0);
INSERT INTO `d08`.`peoples_has_ships` (`id`, `peoples_id`, `ships_id`, `x`, `y`, `current_pp`, `current_life`, `current_shield`, `current_rotation`, `active`, `current_active`, `firstturn`, `current_speed`, `current_maneuverability`, `step`) VALUES (11, 2, 1, 134, 53, 0, 2, 0, 270, 1, 0, 0, 0, 0, 0);
INSERT INTO `d08`.`peoples_has_ships` (`id`, `peoples_id`, `ships_id`, `x`, `y`, `current_pp`, `current_life`, `current_shield`, `current_rotation`, `active`, `current_active`, `firstturn`, `current_speed`, `current_maneuverability`, `step`) VALUES (12, 2, 2, 136, 44, 0, 3, 0, 270, 1, 0, 0, 0, 0, 0);
INSERT INTO `d08`.`peoples_has_ships` (`id`, `peoples_id`, `ships_id`, `x`, `y`, `current_pp`, `current_life`, `current_shield`, `current_rotation`, `active`, `current_active`, `firstturn`, `current_speed`, `current_maneuverability`, `step`) VALUES (13, 2, 2, 136, 56, 0, 3, 0, 270, 1, 0, 0, 0, 0, 0);
INSERT INTO `d08`.`peoples_has_ships` (`id`, `peoples_id`, `ships_id`, `x`, `y`, `current_pp`, `current_life`, `current_shield`, `current_rotation`, `active`, `current_active`, `firstturn`, `current_speed`, `current_maneuverability`, `step`) VALUES (14, 2, 3, 147, 20, 0, 5, 0, 270, 1, 0, 0, 0, 0, 0);
INSERT INTO `d08`.`peoples_has_ships` (`id`, `peoples_id`, `ships_id`, `x`, `y`, `current_pp`, `current_life`, `current_shield`, `current_rotation`, `active`, `current_active`, `firstturn`, `current_speed`, `current_maneuverability`, `step`) VALUES (15, 2, 4, 147, 40, 0, 10, 0, 270, 1, 0, 0, 0, 0, 0);
INSERT INTO `d08`.`peoples_has_ships` (`id`, `peoples_id`, `ships_id`, `x`, `y`, `current_pp`, `current_life`, `current_shield`, `current_rotation`, `active`, `current_active`, `firstturn`, `current_speed`, `current_maneuverability`, `step`) VALUES (16, 2, 5, 147, 60, 0, 5, 0, 270, 1, 0, 0, 0, 0, 0);
INSERT INTO `d08`.`peoples_has_ships` (`id`, `peoples_id`, `ships_id`, `x`, `y`, `current_pp`, `current_life`, `current_shield`, `current_rotation`, `active`, `current_active`, `firstturn`, `current_speed`, `current_maneuverability`, `step`) VALUES (17, 2, 6, 147, 80, 0, 8, 0, 270, 1, 0, 0, 0, 0, 0);
INSERT INTO `d08`.`peoples_has_ships` (`id`, `peoples_id`, `ships_id`, `x`, `y`, `current_pp`, `current_life`, `current_shield`, `current_rotation`, `active`, `current_active`, `firstturn`, `current_speed`, `current_maneuverability`, `step`) VALUES (18, 2, 7, 129, 50, 0, 1, 0, 270, 1, 0, 0, 0, 0, 0);

COMMIT;


-- -----------------------------------------------------
-- Data for table `d08`.`weapons`
-- -----------------------------------------------------
START TRANSACTION;
USE `d08`;
INSERT INTO `d08`.`weapons` (`id`, `name`, `charge`, `scope_small`, `scope_medium`, `scope_big`, `motionless`, `success_small`, `success_medium`, `success_big`, `width_small`, `width_medium`, `width_big`) VALUES (1, 'minLux', 0, 5, 10, 15, 0, 4, 5, 6, 0, 0, 0);
INSERT INTO `d08`.`weapons` (`id`, `name`, `charge`, `scope_small`, `scope_medium`, `scope_big`, `motionless`, `success_small`, `success_medium`, `success_big`, `width_small`, `width_medium`, `width_big`) VALUES (2, 'BigLux', 3, 10, 20, 50, 0, 4, 5, 6, 0, 0, 0);
INSERT INTO `d08`.`weapons` (`id`, `name`, `charge`, `scope_small`, `scope_medium`, `scope_big`, `motionless`, `success_small`, `success_medium`, `success_big`, `width_small`, `width_medium`, `width_big`) VALUES (3, 'Macro canon', 0, 10, 20, 30, 0, 4, 5, 6, 0.2, 0, -0.2);
INSERT INTO `d08`.`weapons` (`id`, `name`, `charge`, `scope_small`, `scope_medium`, `scope_big`, `motionless`, `success_small`, `success_medium`, `success_big`, `width_small`, `width_medium`, `width_big`) VALUES (4, 'Mitrailleuses super lourdes', 5, 3, 7, 10, 0, 4, 5, 6, 1, 0.1, 0.1);
INSERT INTO `d08`.`weapons` (`id`, `name`, `charge`, `scope_small`, `scope_medium`, `scope_big`, `motionless`, `success_small`, `success_medium`, `success_big`, `width_small`, `width_medium`, `width_big`) VALUES (5, 'Batteries laser de flancs', 1, 10, 20, 30, 0, 4, 5, 6, 0.3, 0.2, 0.1);
INSERT INTO `d08`.`weapons` (`id`, `name`, `charge`, `scope_small`, `scope_medium`, `scope_big`, `motionless`, `success_small`, `success_medium`, `success_big`, `width_small`, `width_medium`, `width_big`) VALUES (6, 'Nuke', 10, 3, 5, 10, 0, 4, 5, 6, 2, 3, 4);

COMMIT;


-- -----------------------------------------------------
-- Data for table `d08`.`peoples_has_ships_has_weapons`
-- -----------------------------------------------------
START TRANSACTION;
USE `d08`;
INSERT INTO `d08`.`peoples_has_ships_has_weapons` (`id`, `peoples_has_ships_id`, `weapons_id`, `active`, `current_charge`) VALUES (1, 1, 1, 0, 0);
INSERT INTO `d08`.`peoples_has_ships_has_weapons` (`id`, `peoples_has_ships_id`, `weapons_id`, `active`, `current_charge`) VALUES (2, 2, 1, 0, 0);
INSERT INTO `d08`.`peoples_has_ships_has_weapons` (`id`, `peoples_has_ships_id`, `weapons_id`, `active`, `current_charge`) VALUES (3, 10, 1, 0, 0);
INSERT INTO `d08`.`peoples_has_ships_has_weapons` (`id`, `peoples_has_ships_id`, `weapons_id`, `active`, `current_charge`) VALUES (4, 11, 1, 0, 0);
INSERT INTO `d08`.`peoples_has_ships_has_weapons` (`id`, `peoples_has_ships_id`, `weapons_id`, `active`, `current_charge`) VALUES (5, 3, 4, 0, 0);
INSERT INTO `d08`.`peoples_has_ships_has_weapons` (`id`, `peoples_has_ships_id`, `weapons_id`, `active`, `current_charge`) VALUES (6, 3, 3, 0, 0);
INSERT INTO `d08`.`peoples_has_ships_has_weapons` (`id`, `peoples_has_ships_id`, `weapons_id`, `active`, `current_charge`) VALUES (7, 4, 4, 0, 0);
INSERT INTO `d08`.`peoples_has_ships_has_weapons` (`id`, `peoples_has_ships_id`, `weapons_id`, `active`, `current_charge`) VALUES (8, 4, 3, 0, 0);
INSERT INTO `d08`.`peoples_has_ships_has_weapons` (`id`, `peoples_has_ships_id`, `weapons_id`, `active`, `current_charge`) VALUES (9, 12, 4, 0, 0);
INSERT INTO `d08`.`peoples_has_ships_has_weapons` (`id`, `peoples_has_ships_id`, `weapons_id`, `active`, `current_charge`) VALUES (10, 12, 3, 0, 0);
INSERT INTO `d08`.`peoples_has_ships_has_weapons` (`id`, `peoples_has_ships_id`, `weapons_id`, `active`, `current_charge`) VALUES (11, 13, 4, 0, 0);
INSERT INTO `d08`.`peoples_has_ships_has_weapons` (`id`, `peoples_has_ships_id`, `weapons_id`, `active`, `current_charge`) VALUES (12, 13, 3, 0, 0);
INSERT INTO `d08`.`peoples_has_ships_has_weapons` (`id`, `peoples_has_ships_id`, `weapons_id`, `active`, `current_charge`) VALUES (13, 8, 1, 0, 0);
INSERT INTO `d08`.`peoples_has_ships_has_weapons` (`id`, `peoples_has_ships_id`, `weapons_id`, `active`, `current_charge`) VALUES (14, 8, 2, 0, 0);
INSERT INTO `d08`.`peoples_has_ships_has_weapons` (`id`, `peoples_has_ships_id`, `weapons_id`, `active`, `current_charge`) VALUES (15, 8, 3, 0, 0);
INSERT INTO `d08`.`peoples_has_ships_has_weapons` (`id`, `peoples_has_ships_id`, `weapons_id`, `active`, `current_charge`) VALUES (16, 8, 4, 0, 0);
INSERT INTO `d08`.`peoples_has_ships_has_weapons` (`id`, `peoples_has_ships_id`, `weapons_id`, `active`, `current_charge`) VALUES (17, 8, 5, 0, 0);
INSERT INTO `d08`.`peoples_has_ships_has_weapons` (`id`, `peoples_has_ships_id`, `weapons_id`, `active`, `current_charge`) VALUES (18, 8, 6, 0, 0);
INSERT INTO `d08`.`peoples_has_ships_has_weapons` (`id`, `peoples_has_ships_id`, `weapons_id`, `active`, `current_charge`) VALUES (19, 17, 1, 0, 0);
INSERT INTO `d08`.`peoples_has_ships_has_weapons` (`id`, `peoples_has_ships_id`, `weapons_id`, `active`, `current_charge`) VALUES (20, 17, 2, 0, 0);
INSERT INTO `d08`.`peoples_has_ships_has_weapons` (`id`, `peoples_has_ships_id`, `weapons_id`, `active`, `current_charge`) VALUES (21, 17, 3, 0, 0);
INSERT INTO `d08`.`peoples_has_ships_has_weapons` (`id`, `peoples_has_ships_id`, `weapons_id`, `active`, `current_charge`) VALUES (22, 17, 4, 0, 0);
INSERT INTO `d08`.`peoples_has_ships_has_weapons` (`id`, `peoples_has_ships_id`, `weapons_id`, `active`, `current_charge`) VALUES (23, 17, 5, 0, 0);
INSERT INTO `d08`.`peoples_has_ships_has_weapons` (`id`, `peoples_has_ships_id`, `weapons_id`, `active`, `current_charge`) VALUES (24, 17, 6, 0, 0);
INSERT INTO `d08`.`peoples_has_ships_has_weapons` (`id`, `peoples_has_ships_id`, `weapons_id`, `active`, `current_charge`) VALUES (37, 8, 6, 0, 0);
INSERT INTO `d08`.`peoples_has_ships_has_weapons` (`id`, `peoples_has_ships_id`, `weapons_id`, `active`, `current_charge`) VALUES (26, 9, 6, 0, 0);
INSERT INTO `d08`.`peoples_has_ships_has_weapons` (`id`, `peoples_has_ships_id`, `weapons_id`, `active`, `current_charge`) VALUES (25, 5, 3, 0, 0);
INSERT INTO `d08`.`peoples_has_ships_has_weapons` (`id`, `peoples_has_ships_id`, `weapons_id`, `active`, `current_charge`) VALUES (38, 5, 4, 0, 0);
INSERT INTO `d08`.`peoples_has_ships_has_weapons` (`id`, `peoples_has_ships_id`, `weapons_id`, `active`, `current_charge`) VALUES (27, 6, 2, 0, 0);
INSERT INTO `d08`.`peoples_has_ships_has_weapons` (`id`, `peoples_has_ships_id`, `weapons_id`, `active`, `current_charge`) VALUES (28, 6, 5, 0, 0);
INSERT INTO `d08`.`peoples_has_ships_has_weapons` (`id`, `peoples_has_ships_id`, `weapons_id`, `active`, `current_charge`) VALUES (29, 7, 5, 0, 0);
INSERT INTO `d08`.`peoples_has_ships_has_weapons` (`id`, `peoples_has_ships_id`, `weapons_id`, `active`, `current_charge`) VALUES (30, 7, 3, 0, 0);
INSERT INTO `d08`.`peoples_has_ships_has_weapons` (`id`, `peoples_has_ships_id`, `weapons_id`, `active`, `current_charge`) VALUES (31, 14, 3, 0, 0);
INSERT INTO `d08`.`peoples_has_ships_has_weapons` (`id`, `peoples_has_ships_id`, `weapons_id`, `active`, `current_charge`) VALUES (32, 14, 4, 0, 0);
INSERT INTO `d08`.`peoples_has_ships_has_weapons` (`id`, `peoples_has_ships_id`, `weapons_id`, `active`, `current_charge`) VALUES (33, 15, 2, 0, 0);
INSERT INTO `d08`.`peoples_has_ships_has_weapons` (`id`, `peoples_has_ships_id`, `weapons_id`, `active`, `current_charge`) VALUES (34, 15, 5, 0, 0);
INSERT INTO `d08`.`peoples_has_ships_has_weapons` (`id`, `peoples_has_ships_id`, `weapons_id`, `active`, `current_charge`) VALUES (35, 16, 5, 0, 0);
INSERT INTO `d08`.`peoples_has_ships_has_weapons` (`id`, `peoples_has_ships_id`, `weapons_id`, `active`, `current_charge`) VALUES (36, 16, 3, 0, 0);

COMMIT;

